SET FOREIGN_KEY_CHECKS = 0;

INSERT INTO USER (name, email, is_active, avg_rating, created_at) VALUES
('Maya Thomas',       'thomas.ma@northeastern.edu',   1, 4.80, '2024-08-15 09:10:00'),
('Ethan Park',        'park.et@northeastern.edu',     1, NULL, '2024-08-20 11:22:00'),
('Dani Okafor',       'okafor.da@northeastern.edu',   1, 4.50, '2024-09-01 08:05:00'),
('Jordan Lee',        'lee.jo@northeastern.edu',      1, 4.70, '2024-09-03 10:30:00'),
('Sofia Reyes',       'reyes.so@northeastern.edu',    1, 4.20, '2024-09-05 13:45:00'),
('Daniel Kim',        'kim.da@northeastern.edu',      1, 4.90, '2024-09-06 14:00:00'),
('Tomas Vega',        'vega.to@northeastern.edu',     1, NULL, '2024-09-08 09:00:00'),
('Marcus Webb',       'webb.ma@northeastern.edu',     1, 3.80, '2024-09-10 10:15:00'),
('Isabella Cruz',     'cruz.is@northeastern.edu',     1, 4.60, '2024-09-11 11:30:00'),
('Amara Diallo',      'diallo.am@northeastern.edu',   1, NULL, '2024-09-12 12:00:00'),
('Zoe Patel',         'patel.zo@northeastern.edu',    1, 4.30, '2024-09-13 08:45:00'),
('Finn Castillo',     'castillo.fi@northeastern.edu', 1, 4.10, '2024-09-14 09:30:00'),
('Mia Hernandez',     'hernandez.mi@northeastern.edu',1, 4.75, '2024-09-15 10:00:00'),
('Simone Dupont',     'dupont.si@northeastern.edu',   1, NULL, '2024-09-16 11:00:00'),
('Hannah Brooks',     'brooks.ha@northeastern.edu',   1, 4.55, '2024-09-17 12:30:00'),
('Jin-woo Baek',      'baek.ji@northeastern.edu',     1, 3.90, '2024-09-18 14:00:00'),
('Leah Martin',       'martin.le@northeastern.edu',   1, 4.40, '2024-09-19 09:15:00'),
('Owen Torres',       'torres.ow@northeastern.edu',   1, NULL, '2024-09-20 10:45:00'),
('Natalie Chen',      'chen.na@northeastern.edu',     1, 4.85, '2024-09-21 08:30:00'),
('Kwame Asante',      'asante.kw@northeastern.edu',   1, 4.00, '2024-09-22 13:00:00'),
('Priya Suresh',      'suresh.pr@northeastern.edu',   1, NULL, '2024-09-23 09:00:00'),
('Lucas Evans',       'evans.lu@northeastern.edu',    1, 4.65, '2024-09-24 11:15:00'),
('Ava Johnson',       'johnson.av@northeastern.edu',  1, 4.20, '2024-09-25 10:30:00'),
('Remi Osei',         'osei.re@northeastern.edu',     1, NULL, '2024-09-26 12:00:00'),
('Grace Taylor',      'taylor.gr@northeastern.edu',   1, 4.50, '2024-09-27 09:45:00'),
('Elijah White',      'white.el@northeastern.edu',    1, 3.75, '2024-09-28 14:15:00'),
('Chloe Anderson',    'anderson.ch@northeastern.edu', 1, 4.30, '2024-09-29 10:00:00'),
('Nadia Petrov',      'petrov.na@northeastern.edu',   1, NULL, '2024-09-30 11:30:00'),
('Lily Jackson',      'jackson.li@northeastern.edu',  1, 4.70, '2024-10-01 08:00:00'),
('James Harris',      'harris.ja@northeastern.edu',   1, 4.10, '2024-10-02 09:30:00'),
('Tariq Moussa',      'moussa.ta@northeastern.edu',   1, NULL, '2024-10-03 10:45:00'),
('Benjamin Clark',    'clark.be@northeastern.edu',    1, 4.60, '2024-10-04 12:00:00'),
('Charlotte Lewis',   'lewis.ch@northeastern.edu',    1, 4.90, '2024-10-05 13:15:00'),
('Yuna Seo',          'seo.yu@northeastern.edu',      0, 3.50, '2024-10-06 14:30:00'),
('Victoria Walker',   'walker.vi@northeastern.edu',   1, NULL, '2024-10-07 09:00:00');

INSERT INTO ADMIN (name, email) VALUES
('Jordan Kanpa',    'kanpa.jo@shelflife.io'),
('Priya Nair',      'nair.pr@shelflife.io'),
('Derek Osei',      'osei.de@shelflife.io'),
('Cam Whitfield',   'whitfield.ca@shelflife.io'),
('Sasha Romero',    'romero.sa@shelflife.io');

INSERT INTO ANALYST (name, email) VALUES
('Ricky Spiffy',  'spiffy.ri@shelflife.io'),
('Jonah Reeves',  'reeves.jo@shelflife.io'),
('Tamika Porter', 'porter.ta@shelflife.io'),
('Bea Holloway',  'holloway.be@shelflife.io'),
('Nico Farrell',  'farrell.ni@shelflife.io');

INSERT INTO DEPARTMENT (dept_name, college) VALUES
('Computer Science',           'Khoury College of Computer Sciences'),
('Electrical & Computer Eng.', 'College of Engineering'),
('Mechanical Engineering',     'College of Engineering'),
('Civil Engineering',          'College of Engineering'),
('Biology',                    'College of Science'),
('Chemistry',                  'College of Science'),
('Mathematics',                'College of Science'),
('Physics',                    'College of Science'),
('Business Administration',    'D\'Amore-McKim School of Business'),
('Finance',                    'D\'Amore-McKim School of Business'),
('Psychology',                 'College of Social Sciences & Humanities'),
('English',                    'College of Social Sciences & Humanities');

INSERT INTO PLATFORM_METRIC (active_users, total_listings, total_transactions, recorded_at) VALUES
(210, 489,  312, '2024-01-15 00:00:00'),
(224, 502,  334, '2024-02-01 00:00:00'),
(238, 531,  357, '2024-02-15 00:00:00'),
(253, 564,  379, '2024-03-01 00:00:00'),
(267, 590,  402, '2024-03-15 00:00:00'),
(281, 618,  430, '2024-04-01 00:00:00'),
(295, 645,  451, '2024-04-15 00:00:00'),
(310, 672,  473, '2024-05-01 00:00:00'),
(325, 700,  498, '2024-05-15 00:00:00'),
(340, 730,  521, '2024-06-01 00:00:00'),
(355, 760,  544, '2024-06-15 00:00:00'),
(370, 790,  567, '2024-07-01 00:00:00'),
(385, 820,  590, '2024-07-15 00:00:00'),
(400, 850,  613, '2024-08-01 00:00:00'),
(450, 950,  680, '2024-08-15 00:00:00'),
(510, 1100, 760, '2024-09-01 00:00:00'),
(530, 1150, 792, '2024-09-15 00:00:00'),
(548, 1200, 820, '2024-10-01 00:00:00'),
(562, 1284, 847, '2024-10-15 00:00:00'),
(573, 1310, 870, '2024-11-01 00:00:00'),
(584, 1340, 893, '2024-11-15 00:00:00'),
(595, 1370, 916, '2024-12-01 00:00:00'),
(460, 980,  690, '2025-01-15 00:00:00'),
(510, 1080, 740, '2025-02-01 00:00:00'),
(535, 1130, 768, '2025-02-15 00:00:00'),
(555, 1180, 800, '2025-03-01 00:00:00'),
(570, 1230, 831, '2025-03-15 00:00:00'),
(580, 1268, 855, '2025-04-01 00:00:00'),
(589, 1310, 901, '2025-04-15 00:00:00'),
(600, 1350, 930, '2025-05-01 00:00:00');

INSERT INTO COURSE (dept_id, course_number, course_name, semester, is_active) VALUES
(1, 'CS 1200',  'Introduction to CS Profession',        'Spring 2026', 1),
(1, 'CS 2500',  'Fundamentals of Computer Science 1',   'Spring 2026', 1),
(1, 'CS 2510',  'Fundamentals of Computer Science 2',   'Spring 2026', 1),
(1, 'CS 3000',  'Algorithms and Data',                  'Spring 2026', 1),
(1, 'CS 3200',  'Database Design',                      'Spring 2026', 1),
(1, 'CS 3500',  'Object-Oriented Design',               'Spring 2026', 1),
(1, 'CS 4400',  'Programming Languages',                'Spring 2026', 1),
(1, 'CS 4500',  'Software Development',                 'Spring 2026', 1),
(2, 'ECE 1000', 'Cornerstone of ECE',                   'Spring 2026', 1),
(2, 'ECE 2000', 'Fundamentals of Electrical Engineering','Spring 2026', 1),
(2, 'ECE 3400', 'Analog & Digital Communication',       'Spring 2026', 1),
(2, 'ECE 4100', 'Microprocessors',                      'Spring 2026', 1),
(3, 'MECH 1000','Introduction to Mechanical Engineering','Spring 2026', 1),
(3, 'MECH 2350','Engineering Mechanics: Statics',       'Spring 2026', 1),
(3, 'MECH 3350','Engineering Mechanics: Dynamics',      'Spring 2026', 1),
(3, 'MECH 4510','Machine Design',                       'Spring 2026', 1),
(4, 'CIVL 2310','Statics and Strength of Materials',    'Spring 2026', 1),
(4, 'CIVL 3400','Environmental Engineering',            'Spring 2026', 1),
(5, 'BIOL 1111','General Biology 1',                    'Spring 2026', 1),
(5, 'BIOL 2301','Cell and Molecular Biology',           'Spring 2026', 1),
(5, 'BIOL 3611','Genetics',                             'Spring 2026', 1),
(6, 'CHEM 1211','General Chemistry 1',                  'Spring 2026', 1),
(6, 'CHEM 2313','Organic Chemistry 1',                  'Spring 2026', 1),
(7, 'MATH 1341','Calculus 1',                           'Spring 2026', 1),
(7, 'MATH 1342','Calculus 2',                           'Spring 2026', 1),
(7, 'MATH 2321','Calculus 3',                           'Spring 2026', 1),
(7, 'MATH 2331','Linear Algebra',                       'Spring 2026', 1),
(8, 'PHYS 1151','Physics for Engineering 1',            'Spring 2026', 1),
(8, 'PHYS 1152','Physics for Engineering 2',            'Spring 2026', 1),
(9, 'BUSN 1101','Introduction to Business',             'Spring 2026', 1),
(9, 'MGMT 3300','Operations Management',                'Spring 2026', 1),
(9, 'MKTG 3400','Marketing Management',                 'Spring 2026', 1),
(10,'FINA 2201','Corporate Finance',                    'Spring 2026', 1),
(10,'FINA 3301','Investments',                          'Spring 2026', 1),
(11,'PSYC 1101','Introduction to Psychology',           'Spring 2026', 1),
(11,'PSYC 3402','Research Methods in Psychology',       'Spring 2026', 1),
(12,'ENGL 1111','First-Year Writing',                   'Spring 2026', 1),
(12,'ENGL 2700','American Literature',                  'Spring 2026', 1),
(1, 'CS 3800',  'Theory of Computation',                'Fall 2025',   0),
(3, 'MECH 2150','Engineering Graphics',                 'Fall 2025',   0);

INSERT INTO ITEM (title, author, isbn, category) VALUES
('Introduction to Algorithms, 4th Ed.',        'Cormen, Leiserson, Rivest, Stein', '9780262046305', 'Textbook'),
('Clean Code',                                 'Robert C. Martin',                 '9780132350884', 'Textbook'),
('Database System Concepts, 7th Ed.',          'Silberschatz, Korth, Sudarshan',   '9780078022159', 'Textbook'),
('Computer Networking: A Top-Down Approach',   'Kurose, Ross',                     '9780136681557', 'Textbook'),
('Operating System Concepts, 10th Ed.',        'Silberschatz, Galvin, Gagne',      '9781119800361', 'Textbook'),
('The C Programming Language, 2nd Ed.',        'Kernighan, Ritchie',               '9780131103627', 'Textbook'),
('Effective Java, 3rd Ed.',                    'Joshua Bloch',                     '9780134685991', 'Textbook'),
('Engineering Mechanics: Statics, 14th Ed.',   'Hibbeler',                         '9780133918922', 'Textbook'),
('Engineering Mechanics: Dynamics, 14th Ed.',  'Hibbeler',                         '9780133915389', 'Textbook'),
('Machine Design: An Integrated Approach',     'Norton',                           '9780133356717', 'Textbook'),
('Fundamentals of Electric Circuits, 6th Ed.', 'Alexander, Sadiku',                '9780078028229', 'Textbook'),
('Microelectronic Circuits, 7th Ed.',          'Sedra, Smith',                     '9780199339136', 'Textbook'),
('Calculus: Early Transcendentals, 8th Ed.',   'Stewart',                          '9781285741550', 'Textbook'),
('Linear Algebra and Its Applications, 5th Ed.','Lay, Lay, McDonald',             '9780321982384', 'Textbook'),
('University Physics, 15th Ed.',               'Young, Freedman',                  '9780135159552', 'Textbook'),
('Campbell Biology, 12th Ed.',                 'Urry et al.',                      '9780135188743', 'Textbook'),
('Organic Chemistry, 9th Ed.',                 'Wade, Simek',                      '9780321971371', 'Textbook'),
('Chemistry: The Central Science, 14th Ed.',   'Brown et al.',                     '9780134414232', 'Textbook'),
('Principles of Corporate Finance, 13th Ed.',  'Brealey, Myers, Allen',            '9781260565553', 'Textbook'),
('Investments, 12th Ed.',                      'Bodie, Kane, Marcus',              '9781260013832', 'Textbook'),
('Abnormal Psychology, 17th Ed.',              'Butcher, Mineka, Hooley',          '9780135188828', 'Textbook'),
('Psychology: An Introduction, 11th Ed.',      'Ciccarelli, White',                '9780134474098', 'Textbook'),
('The Norton Anthology of American Literature', 'Baym et al.',                     '9780393264531', 'Textbook'),
('Research Methods in Psychology, 10th Ed.',   'Shaughnessy, Zechmeister',         '9780077649982', 'Textbook'),
('Operations Management, 13th Ed.',            'Stevenson',                        '9781259667473', 'Textbook'),
('Marketing Management, 16th Ed.',             'Kotler, Keller',                   '9780135971055', 'Textbook'),
('TI-84 Plus CE Graphing Calculator',          NULL,                               NULL,            'Calculator'),
('TI-89 Titanium Graphing Calculator',         NULL,                               NULL,            'Calculator'),
('Casio fx-9750GIII Graphing Calculator',      NULL,                               NULL,            'Calculator'),
('HP 35s Scientific Calculator',               NULL,                               NULL,            'Calculator'),
('Vernier Caliper – 6 inch',                   NULL,                               NULL,            'Lab Equipment'),
('Digital Multimeter – Fluke 117',             NULL,                               NULL,            'Lab Equipment'),
('Lab Notebook – 100 pages',                   NULL,                               NULL,            'Lab Supply'),
('Dissection Kit – 10 piece',                  NULL,                               NULL,            'Lab Supply'),
('Drawing Toolkit – 12 piece engineering set', NULL,                               NULL,            'Supply'),
('Arduino Uno Starter Kit',                    NULL,                               NULL,            'Lab Equipment'),
('Raspberry Pi 4 Model B (4GB)',               NULL,                               NULL,            'Lab Equipment'),
('Adobe Creative Cloud – 1 Year License',      NULL,                               NULL,            'Software License'),
('Microsoft Office 365 – 1 Year License',      NULL,                               NULL,            'Software License'),
('AutoCAD Student License – 1 Year',           NULL,                               NULL,            'Software License');

INSERT INTO REPORT (analyst_id, filter_params, export_format, created_at) VALUES
(1, 'dept_name=Computer Science; semester=Fall 2025',      'CSV',  '2025-05-10 09:00:00'),
(1, 'college=Khoury; semester=Spring 2026',                'CSV',  '2026-01-20 10:15:00'),
(2, 'dept_name=Mechanical Engineering; semester=Fall 2025','CSV',  '2025-05-11 11:00:00'),
(2, 'item_category=Textbook; semester=Spring 2026',        'CSV',  '2026-01-22 14:30:00'),
(3, 'dept_name=Biology; semester=Spring 2026',             'XLSX', '2026-02-05 09:45:00'),
(3, 'college=College of Science; semester=Fall 2025',      'CSV',  '2025-05-12 13:00:00'),
(4, 'dept_name=Finance; semester=Spring 2026',             'CSV',  '2026-02-10 10:00:00'),
(4, 'item_category=Calculator',                            'XLSX', '2026-02-12 11:30:00'),
(5, 'dept_name=Electrical Engineering; semester=Fall 2025','CSV',  '2025-05-13 14:00:00'),
(5, 'college=College of Engineering; semester=Spring 2026','CSV',  '2026-02-15 08:30:00'),
(1, 'status=Sold; semester=Fall 2025',                     'CSV',  '2025-12-20 09:00:00'),
(1, 'dept_name=Physics; semester=Spring 2026',             'CSV',  '2026-03-01 10:00:00'),
(2, 'avg_days_to_sale; semester=Fall 2025',                'XLSX', '2025-12-22 11:00:00'),
(2, 'dept_name=Chemistry; semester=Spring 2026',           'CSV',  '2026-03-05 09:30:00'),
(3, 'top_search_items; semester=Spring 2026',              'CSV',  '2026-03-10 14:00:00'),
(3, 'dept_name=Business Administration',                   'XLSX', '2026-03-12 10:45:00'),
(4, 'listing_turnover; semester=Fall 2025',                'CSV',  '2025-12-23 13:00:00'),
(4, 'dept_name=Psychology; semester=Spring 2026',          'CSV',  '2026-03-15 09:00:00'),
(5, 'underserved_demand; semester=Spring 2026',            'XLSX', '2026-03-18 11:30:00'),
(5, 'active_users_by_college; semester=Spring 2026',       'CSV',  '2026-03-20 14:00:00');

INSERT INTO COURSE_MATERIAL (course_id, item_id, required) VALUES
(1, 39, 1), 
(2, 1,  1), 
(3, 7,  1), 
(4, 1,  1), 
(4, 27, 0), 
(5, 3,  1), 
(6, 2,  1), 
(6, 7,  0), 
(7, 6,  1), 
(8, 2,  1), 
(8, 38, 0), 
(9,  11, 1), 
(9,  36, 1), 
(10, 11, 1), 
(10, 32, 1), 
(11, 12, 1), 
(12, 12, 1), 
(12, 37, 0), 
(13, 35, 1), 
(13, 40, 1), 
(14, 8,  1), 
(14, 31, 1), 
(15, 9,  1), 
(15, 27, 0), 
(16, 10, 1), 
(17, 8,  1), 
(18, 33, 1), 
(19, 16, 1), 
(19, 34, 1), 
(20, 16, 1), 
(20, 33, 1), 
(21, 16, 1), 
(22, 18, 1), 
(22, 33, 1), 
(23, 17, 1), 
(23, 33, 1), 
(24, 13, 1), 
(24, 27, 1), 
(25, 13, 1), 
(25, 27, 1), 
(26, 13, 1), 
(27, 14, 1), 
(28, 15, 1), 
(28, 28, 1), 
(29, 15, 1), 
(29, 28, 1), 
(30, 25, 1), 
(31, 25, 1), 
(32, 26, 1), 
(33, 19, 1), 
(34, 20, 1), 
(34, 30, 0), 
(35, 22, 1), 
(36, 24, 1), 
(37, 23, 1), 
(38, 23, 0); 

INSERT INTO PRICE_HISTORY (item_id, semester, avg_price, low_price, high_price, total_sales) VALUES
(1, 'Fall 2023',   95.00,  70.00, 120.00, 18),
(1, 'Spring 2024',110.00,  80.00, 140.00, 22),
(1, 'Fall 2024',   90.00,  65.00, 115.00, 20),
(1, 'Spring 2025',105.00,  75.00, 130.00, 25),
(3, 'Fall 2023',   80.00,  55.00, 105.00, 15),
(3, 'Spring 2024', 85.00,  60.00, 110.00, 17),
(3, 'Fall 2024',   75.00,  50.00, 100.00, 19),
(3, 'Spring 2025', 88.00,  62.00, 115.00, 21),
(8, 'Fall 2023',  120.00,  90.00, 150.00, 24),
(8, 'Spring 2024',130.00,  95.00, 160.00, 27),
(8, 'Fall 2024',  115.00,  85.00, 145.00, 22),
(8, 'Spring 2025',125.00,  92.00, 155.00, 28),
(13,'Fall 2023',  140.00, 100.00, 180.00, 35),
(13,'Spring 2024',145.00, 105.00, 185.00, 38),
(13,'Fall 2024',  135.00,  95.00, 175.00, 33),
(13,'Spring 2025',148.00, 108.00, 188.00, 40),
(15,'Fall 2023',  170.00, 130.00, 210.00, 28),
(15,'Spring 2024',175.00, 135.00, 215.00, 30),
(15,'Fall 2024',  165.00, 125.00, 205.00, 26),
(15,'Spring 2025',178.00, 138.00, 218.00, 32),
(16,'Fall 2023',  200.00, 160.00, 240.00, 20),
(16,'Spring 2024',205.00, 165.00, 245.00, 22),
(16,'Fall 2024',  195.00, 155.00, 235.00, 18),
(16,'Spring 2025',208.00, 168.00, 248.00, 24),
(17,'Fall 2023',  155.00, 115.00, 195.00, 16),
(17,'Spring 2024',160.00, 120.00, 200.00, 18),
(17,'Fall 2024',  150.00, 110.00, 190.00, 15),
(17,'Spring 2025',162.00, 122.00, 202.00, 19),
(2, 'Fall 2023',   35.00,  22.00,  48.00, 14),
(2, 'Spring 2024', 38.00,  24.00,  52.00, 16),
(2, 'Fall 2024',   32.00,  20.00,  45.00, 13),
(2, 'Spring 2025', 40.00,  25.00,  55.00, 18),
(27,'Fall 2023',   80.00,  60.00, 100.00, 40),
(27,'Spring 2024', 82.00,  62.00, 102.00, 43),
(27,'Fall 2024',   78.00,  58.00,  98.00, 38),
(27,'Spring 2025', 84.00,  64.00, 104.00, 45),
(32,'Fall 2023',   55.00,  40.00,  70.00, 10),
(32,'Spring 2024', 58.00,  42.00,  74.00, 11),
(32,'Fall 2024',   52.00,  38.00,  67.00,  9),
(32,'Spring 2025', 60.00,  44.00,  76.00, 12),
(7, 'Fall 2023',   42.00,  30.00,  55.00, 12),
(7, 'Spring 2024', 45.00,  32.00,  58.00, 14),
(7, 'Fall 2024',   40.00,  28.00,  52.00, 11),
(7, 'Spring 2025', 47.00,  34.00,  60.00, 15),
(19,'Fall 2023',  155.00, 120.00, 190.00, 14),
(19,'Spring 2024',160.00, 125.00, 195.00, 16),
(19,'Fall 2024',  150.00, 115.00, 185.00, 13),
(19,'Spring 2025',162.00, 127.00, 197.00, 17),
(36,'Fall 2023',   45.00,  30.00,  60.00, 12),
(36,'Spring 2024', 48.00,  32.00,  63.00, 13),
(36,'Fall 2024',   43.00,  28.00,  58.00, 11),
(36,'Spring 2025', 50.00,  34.00,  65.00, 14),
(14,'Fall 2023',  110.00,  80.00, 140.00, 17),
(14,'Spring 2024',115.00,  85.00, 145.00, 19),
(14,'Fall 2024',  108.00,  78.00, 138.00, 16),
(14,'Spring 2025',118.00,  88.00, 148.00, 20),
(10,'Fall 2023',  130.00,  95.00, 165.00, 11),
(10,'Spring 2024',135.00, 100.00, 170.00, 12),
(10,'Fall 2024',  128.00,  93.00, 163.00, 10),
(10,'Spring 2025',137.00, 102.00, 172.00, 13)
(4,  'Fall 2023',    85.00,  60.00, 110.00, 13),
(4,  'Spring 2024',  90.00,  65.00, 115.00, 15),
(4,  'Fall 2024',    80.00,  55.00, 105.00, 12),
(4,  'Spring 2025',  92.00,  68.00, 118.00, 16),
(5,  'Fall 2023',    95.00,  70.00, 120.00, 17),
(5,  'Spring 2024', 100.00,  75.00, 125.00, 19),
(5,  'Fall 2024',    88.00,  63.00, 113.00, 15),
(5,  'Spring 2025', 102.00,  77.00, 127.00, 20),
(6,  'Fall 2023',    28.00,  18.00,  40.00, 10),
(6,  'Spring 2024',  30.00,  20.00,  42.00, 12),
(6,  'Fall 2024',    25.00,  15.00,  37.00,  9),
(6,  'Spring 2025',  32.00,  22.00,  44.00, 13),
(9,  'Fall 2023',   118.00,  88.00, 148.00, 21),
(9,  'Spring 2024', 122.00,  92.00, 152.00, 24),
(9,  'Fall 2024',   112.00,  82.00, 142.00, 19),
(9,  'Spring 2025', 125.00,  95.00, 155.00, 26),
(11, 'Fall 2023',   100.00,  72.00, 130.00, 16),
(11, 'Spring 2024', 105.00,  76.00, 135.00, 18),
(11, 'Fall 2024',    96.00,  68.00, 126.00, 15),
(11, 'Spring 2025', 108.00,  79.00, 138.00, 20),
(12, 'Fall 2023',   115.00,  85.00, 145.00, 14),
(12, 'Spring 2024', 120.00,  90.00, 150.00, 16),
(12, 'Fall 2024',   110.00,  80.00, 140.00, 13),
(12, 'Spring 2025', 122.00,  92.00, 152.00, 17),
(18, 'Fall 2023',   145.00, 110.00, 180.00, 19),
(18, 'Spring 2024', 150.00, 115.00, 185.00, 21),
(18, 'Fall 2024',   140.00, 105.00, 175.00, 18),
(18, 'Spring 2025', 153.00, 118.00, 188.00, 23),
(20, 'Fall 2023',   130.00,  95.00, 165.00, 12),
(20, 'Spring 2024', 135.00, 100.00, 170.00, 14),
(20, 'Fall 2024',   125.00,  90.00, 160.00, 11),
(20, 'Spring 2025', 138.00, 103.00, 173.00, 15),
(21, 'Fall 2023',   110.00,  80.00, 140.00, 13),
(21, 'Spring 2024', 115.00,  85.00, 145.00, 15),
(21, 'Fall 2024',   105.00,  75.00, 135.00, 12),
(21, 'Spring 2025', 118.00,  88.00, 148.00, 16),
(22, 'Fall 2023',    90.00,  65.00, 115.00, 14),
(22, 'Spring 2024',  95.00,  70.00, 120.00, 16),
(22, 'Fall 2024',    85.00,  60.00, 110.00, 13),
(22, 'Spring 2025',  97.00,  72.00, 122.00, 17),
(23, 'Fall 2023',    55.00,  38.00,  72.00, 11),
(23, 'Spring 2024',  58.00,  41.00,  75.00, 13),
(23, 'Fall 2024',    52.00,  35.00,  68.00, 10),
(23, 'Spring 2025',  60.00,  43.00,  77.00, 14),
(24, 'Fall 2023',    75.00,  55.00,  95.00, 10),
(24, 'Spring 2024',  78.00,  58.00,  98.00, 11),
(24, 'Fall 2024',    72.00,  52.00,  92.00,  9),
(24, 'Spring 2025',  80.00,  60.00, 100.00, 12),
(25, 'Fall 2023',   120.00,  88.00, 152.00, 15),
(25, 'Spring 2024', 125.00,  93.00, 157.00, 17),
(25, 'Fall 2024',   115.00,  83.00, 147.00, 14),
(25, 'Spring 2025', 128.00,  96.00, 160.00, 18),
(26, 'Fall 2023',   115.00,  84.00, 146.00, 13),
(26, 'Spring 2024', 120.00,  89.00, 151.00, 15),
(26, 'Fall 2024',   110.00,  79.00, 141.00, 12),
(26, 'Spring 2025', 123.00,  92.00, 154.00, 16),
(28, 'Fall 2023',    65.00,  45.00,  85.00, 18),
(28, 'Spring 2024',  68.00,  48.00,  88.00, 20),
(28, 'Fall 2024',    62.00,  42.00,  82.00, 17),
(28, 'Spring 2025',  70.00,  50.00,  90.00, 22),
(29, 'Fall 2023',    38.00,  25.00,  52.00, 14),
(29, 'Spring 2024',  40.00,  27.00,  54.00, 16),
(29, 'Fall 2024',    36.00,  23.00,  50.00, 13),
(29, 'Spring 2025',  42.00,  29.00,  56.00, 17),
(30, 'Fall 2023',    30.00,  20.00,  42.00, 10),
(30, 'Spring 2024',  32.00,  22.00,  44.00, 11),
(30, 'Fall 2024',    28.00,  18.00,  40.00,  9),
(30, 'Spring 2025',  33.00,  23.00,  45.00, 12),
(31, 'Fall 2023',    18.00,  10.00,  28.00,  8),
(31, 'Spring 2024',  20.00,  12.00,  30.00,  9),
(31, 'Fall 2024',    17.00,   9.00,  26.00,  7),
(31, 'Spring 2025',  21.00,  13.00,  31.00, 10),
(33, 'Fall 2023',     8.00,   4.00,  13.00, 20),
(33, 'Spring 2024',   9.00,   5.00,  14.00, 22),
(33, 'Fall 2024',     7.00,   3.00,  12.00, 19),
(33, 'Spring 2025',  10.00,   6.00,  15.00, 24),
(34, 'Fall 2023',    12.00,   7.00,  18.00, 11),
(34, 'Spring 2024',  13.00,   8.00,  19.00, 12),
(34, 'Fall 2024',    11.00,   6.00,  17.00, 10),
(34, 'Spring 2025',  14.00,   9.00,  20.00, 13),
(37, 'Fall 2023',    22.00,  14.00,  32.00, 15),
(37, 'Spring 2024',  24.00,  16.00,  34.00, 17),
(37, 'Fall 2024',    20.00,  12.00,  30.00, 14),
(37, 'Spring 2025',  25.00,  17.00,  35.00, 18),
(38, 'Fall 2023',    35.00,  22.00,  50.00, 12),
(38, 'Spring 2024',  37.00,  24.00,  52.00, 14),
(38, 'Fall 2024',    33.00,  20.00,  48.00, 11),
(38, 'Spring 2025',  39.00,  26.00,  54.00, 15),
(39, 'Fall 2023',    25.00,  15.00,  38.00,  9),
(39, 'Spring 2024',  27.00,  17.00,  40.00, 10),
(39, 'Fall 2024',    23.00,  13.00,  36.00,  8),
(39, 'Spring 2025',  28.00,  18.00,  42.00, 11),
(40, 'Fall 2023',    20.00,  12.00,  30.00,  8),
(40, 'Spring 2024',  22.00,  14.00,  32.00,  9),
(40, 'Fall 2024',    18.00,  10.00,  28.00,  7),
(40, 'Spring 2025',  23.00,  15.00,  33.00, 10);

INSERT INTO BUNDLE (user_id, total_price, created_at) VALUES
(1,  280.00, '2025-08-20 10:00:00'),
(3,  110.00, '2025-08-21 11:00:00'),
(4,  340.00, '2025-08-22 09:30:00'),
(5,  195.00, '2025-08-23 14:15:00'),
(6,  450.00, '2025-08-24 08:45:00'),
(8,  215.00, '2025-08-25 10:30:00'),
(9,  160.00, '2025-08-26 13:00:00'),
(11, 270.00, '2025-08-27 11:45:00'),
(13, 380.00, '2025-08-28 09:15:00'),
(15, 130.00, '2025-08-29 14:30:00'),
(17, 290.00, '2025-08-30 10:00:00'),
(19, 175.00, '2025-08-31 11:15:00'),
(22, 320.00, '2025-09-01 08:30:00'),
(25, 240.00, '2025-09-02 13:45:00'),
(27, 185.00, '2025-09-03 10:15:00'),
(29, 410.00, '2025-09-04 09:00:00'),
(32, 145.00, '2025-09-05 11:30:00'),
(33, 360.00, '2025-09-06 14:00:00'),
(35, 220.00, '2025-09-07 10:45:00'),
(1,  170.00, '2025-09-08 09:30:00');

INSERT INTO LISTING (user_id, item_id, course_id, price, condition_desc, status, created_at, search_count) VALUES
(1,  1,  4,  215.00, 'Lightly Used',  'Sold',     '2025-08-10 09:00:00', 42),
(1,  3,  5,   65.00, 'Unused',        'Active',   '2025-08-11 10:00:00', 28),
(1,  27, 24,  75.00, 'Good',          'Active',   '2025-08-12 11:00:00', 55),
(1,  7,  3,   40.00, 'Good',          'Sold',     '2025-08-13 12:00:00', 19),
(1,  13, 24,  130.00,'Lightly Used',  'Active',   '2025-08-14 13:00:00', 63),
(3,  2,  6,   90.00, 'Lightly Used',  'Sold',     '2025-08-15 08:30:00', 31),
(3,  8,  14,  120.00,'Good',          'Active',   '2025-08-16 09:30:00', 47),
(3,  16, 19,  190.00,'Lightly Used',  'Active',   '2025-08-17 10:30:00', 58),
(3,  27, 25,   80.00,'Good',          'Sold',     '2025-08-18 11:30:00', 22),
(3,  32, 10,   50.00,'Good',          'Active',   '2025-08-19 12:30:00', 14),
(4,  9,  15,  110.00,'Lightly Used',  'Active',   '2025-08-20 08:00:00', 36),
(4,  15, 28,  165.00,'Good',          'Active',   '2025-08-21 09:00:00', 70),
(4,  17, 23,  150.00,'Lightly Used',  'Sold',     '2025-08-22 10:00:00', 44),
(4,  13, 25,  140.00,'Very Good',     'Active',   '2025-08-23 11:00:00', 68),
(4,  36, 9,    44.00,'Good',          'Active',   '2025-08-24 12:00:00', 17),
(5,  18, 22,  100.00,'Good',          'Active',   '2025-08-25 08:30:00', 29),
(5,  22, 35,   55.00,'Lightly Used',  'Active',   '2025-08-26 09:30:00', 38),
(5,  14, 27,  108.00,'Good',          'Sold',     '2025-08-27 10:30:00', 25),
(5,  19, 33,  150.00,'Lightly Used',  'Active',   '2025-08-28 11:30:00', 52),
(5,  33, 22,   10.00,'Good',          'Active',   '2025-08-29 12:30:00', 8),
(6,  11, 10,  145.00,'Very Good',     'Active',   '2025-09-01 08:00:00', 40),
(6,  12, 11,  130.00,'Good',          'Sold',     '2025-09-02 09:00:00', 35),
(6,  1,  2,    98.00,'Lightly Used',  'Active',   '2025-09-03 10:00:00', 57),
(6,  7,  4,    45.00,'Good',          'Active',   '2025-09-04 11:00:00', 23),
(6,  27, 26,   82.00,'Lightly Used',  'Active',   '2025-09-05 12:00:00', 49),
(8,  16, 20,  195.00,'Good',          'Active',   '2025-09-06 08:30:00', 62),
(8,  34, 19,   12.00,'Good',          'Active',   '2025-09-07 09:30:00', 5),
(8,  20, 34,  155.00,'Lightly Used',  'Sold',     '2025-09-08 10:30:00', 30),
(8,  10, 16,  125.00,'Good',          'Active',   '2025-09-09 11:30:00', 41),
(8,  39, 1,    30.00,'Good',          'Active',   '2025-09-10 12:30:00', 11),
(9,  13, 24,  135.00,'Very Good',     'Active',   '2025-09-11 08:00:00', 74),
(9,  15, 29,  170.00,'Good',          'Active',   '2025-09-12 09:00:00', 81),
(9,  21, 36,   50.00,'Lightly Used',  'Active',   '2025-09-13 10:00:00', 26),
(9,  17, 23,  155.00,'Good',          'Sold',     '2025-09-14 11:00:00', 39),
(9,  38, 8,    45.00,'Good',          'Active',   '2025-09-15 12:00:00', 16),
(11, 18, 22,   95.00,'Lightly Used',  'Active',   '2025-09-16 08:30:00', 33),
(11, 8,  17,  115.00,'Good',          'Active',   '2025-09-17 09:30:00', 45),
(11, 26, 32,   60.00,'Lightly Used',  'Active',   '2025-09-18 10:30:00', 19),
(11, 19, 33,  155.00,'Very Good',     'Sold',     '2025-09-19 11:30:00', 48),
(11, 28, 28,   90.00,'Good',          'Active',   '2025-09-20 12:30:00', 32),
(13, 16, 21,  200.00,'Unused',        'Active',   '2025-09-21 08:00:00', 88),
(13, 23, 37,   40.00,'Lightly Used',  'Active',   '2025-09-22 09:00:00', 21),
(13, 14, 27,  112.00,'Good',          'Active',   '2025-09-23 10:00:00', 36),
(13, 27, 24,   78.00,'Good',          'Sold',     '2025-09-24 11:00:00', 27),
(13, 33, 21,    9.00,'Good',          'Active',   '2025-09-25 12:00:00', 6),
(15, 20, 34,  148.00,'Lightly Used',  'Active',   '2025-09-26 08:30:00', 43),
(15, 25, 31,   85.00,'Good',          'Active',   '2025-09-27 09:30:00', 24),
(15, 11, 9,   138.00,'Very Good',     'Sold',     '2025-09-28 10:30:00', 56),
(15, 36, 12,   46.00,'Good',          'Active',   '2025-09-29 11:30:00', 13),
(15, 31, 14,   28.00,'Good',          'Active',   '2025-09-30 12:30:00', 9),
(17, 9,  15,  105.00,'Good',          'Active',   '2025-10-01 08:00:00', 37),
(17, 12, 12,  125.00,'Lightly Used',  'Active',   '2025-10-02 09:00:00', 51),
(17, 40, 13,   55.00,'Good',          'Sold',     '2025-10-03 10:00:00', 20),
(17, 6,  9,    25.00,'Lightly Used',  'Active',   '2025-10-04 11:00:00', 15),
(17, 29, 24,   55.00,'Good',          'Active',   '2025-10-05 12:00:00', 18),
(19, 3,  5,    72.00,'Very Good',     'Active',   '2025-10-06 08:30:00', 59),
(19, 1,  4,   100.00,'Lightly Used',  'Sold',     '2025-10-07 09:30:00', 66),
(19, 13, 26,  132.00,'Good',          'Active',   '2025-10-08 10:30:00', 75),
(19, 14, 27,  106.00,'Good',          'Active',   '2025-10-09 11:30:00', 42),
(19, 2,  6,    36.00,'Good',          'Active',   '2025-10-10 12:30:00', 28),
(22, 15, 28,  162.00,'Lightly Used',  'Active',   '2025-10-11 08:00:00', 83),
(22, 8,  14,  118.00,'Good',          'Active',   '2025-10-12 09:00:00', 60),
(22, 17, 23,  145.00,'Very Good',     'Active',   '2025-10-13 10:00:00', 49),
(22, 27, 25,   76.00,'Good',          'Sold',     '2025-10-14 11:00:00', 34),
(22, 32, 10,   48.00,'Lightly Used',  'Active',   '2025-10-15 12:00:00', 11),
(25, 16, 19,  188.00,'Good',          'Active',   '2025-10-16 08:30:00', 77),
(25, 34, 20,   11.00,'Good',          'Active',   '2025-10-17 09:30:00', 4),
(25, 19, 33,  148.00,'Lightly Used',  'Sold',     '2025-10-18 10:30:00', 38),
(25, 22, 35,   52.00,'Good',          'Active',   '2025-10-19 11:30:00', 22),
(25, 26, 32,   58.00,'Good',          'Active',   '2025-10-20 12:30:00', 17),
(29, 11, 10,  140.00,'Good',          'Active',   '2025-10-21 08:00:00', 54),
(29, 20, 34,  150.00,'Very Good',     'Active',   '2025-10-22 09:00:00', 64),
(29, 24, 36,   48.00,'Lightly Used',  'Active',   '2025-10-23 10:00:00', 29),
(29, 1,  4,   102.00,'Good',          'Active',   '2025-10-24 11:00:00', 71),
(29, 40, 14,   50.00,'Good',          'Sold',     '2025-10-25 12:00:00', 26),
(32, 13, 24,  128.00,'Lightly Used',  'Active',   '2025-10-26 08:30:00', 67),
(32, 15, 29,  168.00,'Good',          'Active',   '2025-10-27 09:30:00', 90),
(32, 3,  5,    68.00,'Good',          'Active',   '2025-10-28 10:30:00', 35),
(32, 10, 16,  122.00,'Good',          'Active',   '2025-10-29 11:30:00', 43),
(32, 7,  3,    42.00,'Very Good',     'Active',   '2025-10-30 12:30:00', 18);

INSERT INTO TRANSACTION (listing_id, buyer_id, sale_price, sold_at, days_to_sale) VALUES
(1,  2,  210.00, '2025-09-05 14:30:00', 26),
(4,  10, 38.00,  '2025-09-08 11:00:00', 26),
(6,  14, 88.00,  '2025-09-10 10:30:00', 26),
(9,  7,  78.00,  '2025-09-12 13:00:00', 25),
(13, 21, 148.00, '2025-09-14 09:45:00', 23),
(18, 24, 105.00, '2025-09-20 14:00:00', 24),
(22, 31, 128.00, '2025-10-01 10:00:00', 29),
(28, 16, 152.00, '2025-10-05 11:30:00', 27),
(34, 20, 152.00, '2025-10-10 09:00:00', 26),
(38, 30, 155.00, '2025-10-15 13:15:00', 26),
(44, 12, 76.00,  '2025-10-18 10:30:00', 24),
(48, 23, 136.00, '2025-10-20 14:00:00', 22),
(53, 11, 53.00,  '2025-10-22 09:45:00', 19),
(57, 25, 98.00,  '2025-10-24 11:00:00', 18),
(64, 8,  74.00,  '2025-10-26 10:00:00', 12),
(68, 15, 148.00, '2025-10-28 14:30:00', 10),
(80, 18, 50.00,  '2025-11-01 10:00:00', 7),
(5,  33, 39.00,  '2025-09-18 10:00:00', 32),
(8,  26, 88.00,  '2025-09-25 11:00:00', 30),
(12, 14, 162.00, '2025-10-03 09:00:00', 28),
(16, 31, 32.00,  '2025-10-07 10:00:00', 27),
(17, 23, 52.00,  '2025-10-09 11:00:00', 26),
(19, 10, 55.00,  '2025-10-12 09:00:00', 25),
(23, 32, 45.00,  '2025-10-14 10:00:00', 24),
(25, 6,  86.00,  '2025-10-16 11:00:00', 23),
(27, 29, 82.00,  '2025-10-19 09:00:00', 22),
(29, 7,  40.00,  '2025-10-21 10:00:00', 21),
(32, 11, 112.00, '2025-10-23 11:00:00', 20),
(33, 34, 150.00, '2025-10-25 09:00:00', 19),
(35, 2,  120.00, '2025-10-27 10:00:00', 18),
(2,  8,  128.00, '2025-10-29 11:00:00', 17),
(10, 27, 78.00,  '2025-10-30 09:00:00', 16),
(21, 18, 96.00,  '2025-11-02 10:00:00', 15),
(24, 3,  64.00,  '2025-11-03 11:00:00', 14),
(30, 13, 130.00, '2025-11-04 09:00:00', 13),
(14, 24, 48.00,  '2025-11-05 10:00:00', 12),
(26, 14, 105.00, '2025-11-06 11:00:00', 11);

INSERT INTO REVIEW (listing_id, reviewer_id, seller_id, rating, comment, created_at) VALUES
(1,  2,  1,  5, 'Excellent condition, exactly as described. Super easy pickup!',   '2025-09-06 10:00:00'),
(1,  10, 1,  5, 'Maya was great, very responsive and the book was perfect.',       '2025-09-07 11:00:00'),
(4,  10, 1,  4, 'Book arrived clean, minor highlighting on two pages.',             '2025-09-09 12:00:00'),
(6,  14, 3,  5, 'Fast response, item exactly as described.',                        '2025-09-11 09:30:00'),
(6,  2,  3,  4, 'Great seller, easy pickup on campus.',                             '2025-09-11 14:00:00'),
(9,  7,  3,  5, 'Calculator worked perfectly, great price.',                        '2025-09-13 10:00:00'),
(9,  21, 3,  4, 'Good condition, seller was friendly.',                             '2025-09-13 15:00:00'),
(13, 21, 4,  5, 'Organic Chemistry book in pristine condition, highly recommend.',  '2025-09-15 11:00:00'),
(13, 16, 4,  5, 'Saved me so much money. Jordan was a pleasure to deal with.',      '2025-09-16 09:00:00'),
(18, 24, 5,  4, 'Great book, slight wear on spine but pages are clean.',            '2025-09-21 10:00:00'),
(18, 30, 5,  3, 'Seller took a couple days to respond but book was fine.',          '2025-09-22 11:00:00'),
(22, 31, 6,  5, 'Daniel listed the textbook fairly and was easy to coordinate.',    '2025-10-02 09:00:00'),
(22, 2,  6,  5, 'Perfect seller experience. Quick reply and on-time meetup.',       '2025-10-02 14:00:00'),
(28, 16, 8,  4, 'Textbook in good shape, minor notes in margins.',                  '2025-10-06 10:00:00'),
(28, 23, 8,  4, 'Book was as described. Marcus was easy to work with.',             '2025-10-06 15:00:00'),
(34, 20, 9,  5, 'Isabella is a fantastic seller. Organic Chemistry was spotless.',  '2025-10-11 09:00:00'),
(34, 14, 9,  5, 'Would definitely buy from Isabella again.',                        '2025-10-11 14:00:00'),
(38, 30, 11, 4, 'Lab notebook slightly used but mostly blank. Good deal.',          '2025-10-16 10:00:00'),
(38, 7,  11, 5, 'Zoe was super helpful and met me right outside Snell Library.',    '2025-10-16 15:00:00'),
(44, 12, 13, 5, 'Mia\'s calculator listing was honest and fairly priced.',          '2025-10-19 09:00:00'),
(44, 2,  13, 4, 'Good calculator. Battery was low but works perfectly.',            '2025-10-19 14:00:00'),
(48, 23, 15, 5, 'Hannah had the textbook in amazing shape. Great experience.',      '2025-10-21 10:00:00'),
(48, 31, 15, 5, 'Fast and reliable. Hannah messaged back within the hour.',         '2025-10-21 15:00:00'),
(53, 11, 17, 4, 'Leah\'s AutoCAD license transferred cleanly. No issues at all.',  '2025-10-23 10:00:00'),
(53, 24, 17, 3, 'License took a day to transfer but worked in the end.',            '2025-10-23 15:00:00'),
(57, 25, 19, 5, 'Natalie is the best seller I\'ve encountered on ShelfLife!',       '2025-10-25 10:00:00'),
(57, 14, 19, 4, 'Textbook was clean and Natalie answered all my questions.',        '2025-10-25 15:00:00'),
(64, 8,  22, 5, 'Lucas had the TI-84 in perfect working condition.',                '2025-10-27 10:00:00'),
(64, 21, 22, 4, 'Great deal on the calculator. Batteries included!',                '2025-10-27 15:00:00'),
(68, 15, 25, 5, 'Grace listed everything honestly. Corporate Finance was crisp.',   '2025-10-29 10:00:00'),
(68, 7,  25, 5, 'Quick meetup and book was exactly as described.',                  '2025-10-29 15:00:00'),
(80, 18, 32, 4, 'Effective Java was clean. Benjamin was prompt in responding.',     '2025-11-02 10:00:00'),
(80, 24, 32, 3, 'Book had some highlighting but was usable. Price was fair.',       '2025-11-02 15:00:00'),
(6,  31, 3,  5, 'Dani listed books for multiple courses. Incredibly helpful.',      '2025-09-12 11:00:00'),
(22, 12, 6,  4, 'Good condition textbook. Daniel was easy to reach.',               '2025-10-03 09:00:00'),
(2,  10, 1,  5, 'Still active but leaving a review after arranging offline.',       '2025-09-15 10:00:00'),
(7,  21, 3,  4, 'Statics book was clean. Easy deal with Dani.',                     '2025-10-02 10:00:00'),
(11, 14, 4,  5, 'Jordan\'s Dynamics text was in great shape.',                      '2025-10-08 11:00:00'),
(16, 23, 5,  4, 'Chemistry: Central Science was exactly as described.',             '2025-10-12 09:00:00'),
(21, 30, 6,  5, 'Daniel\'s Electric Circuits book was spotless.',                   '2025-10-15 10:00:00'),
(26, 16, 8,  4, 'Marcus had Campbell Biology in good condition.',                   '2025-10-18 11:00:00'),
(31, 12, 9,  5, 'Calculus textbook from Isabella was unused. Fantastic deal.',      '2025-10-22 10:00:00'),
(36, 31, 11, 4, 'Zoe\'s chemistry book listing was accurate and fairly priced.',    '2025-10-25 09:00:00'),
(41, 14, 13, 5, 'Campbell Biology from Mia was in perfect condition.',              '2025-10-28 10:00:00'),
(46, 12, 15, 4, 'Hannah\'s Operations Management was lightly highlighted.',         '2025-11-01 09:00:00'),
(51, 24, 17, 5, 'Leah had the Dynamics book and it was as expected.',               '2025-11-03 10:00:00'),
(56, 20, 19, 4, 'Natalie is reliable and communicates well.',                       '2025-11-05 09:00:00'),
(61, 8,  22, 5, 'University Physics from Lucas was in excellent shape.',            '2025-11-07 10:00:00'),
(66, 14, 25, 4, 'Grace had the lab notebook. Barely used.',                         '2025-11-08 09:00:00'),
(71, 23, 29, 5, 'Lily\'s Electric Circuits book was pristine.',                     '2025-11-09 10:00:00'),
(76, 30, 32, 4, 'Benjamin\'s Calculus book had a bent cover but was usable.',       '2025-11-10 09:00:00'),
(3,  14, 1,  5, 'Maya had the TI-84 in perfect working order.',                     '2025-09-18 10:00:00'),
(8,  30, 3,  4, 'Campbell Biology from Dani was well cared for.',                   '2025-10-10 11:00:00'),
(12, 16, 4,  5, 'Jordan\'s University Physics set had everything I needed.',        '2025-10-20 09:00:00'),
(19, 7,  5,  4, 'Corporate Finance book from Sofia was clean and readable.',        '2025-10-30 10:00:00');

INSERT INTO WISHLIST (user_id, listing_id, saved_at) VALUES
(2,  1,  '2025-08-11 10:00:00'),
(2,  2,  '2025-08-12 11:00:00'),
(2,  3,  '2025-08-13 12:00:00'),
(2,  5,  '2025-08-15 13:00:00'),
(2,  7,  '2025-08-16 14:00:00'),
(2,  8,  '2025-08-17 09:00:00'),
(2,  12, '2025-08-21 10:00:00'),
(2,  14, '2025-08-23 11:00:00'),
(7,  1,  '2025-08-12 09:30:00'),
(7,  6,  '2025-08-16 10:30:00'),
(7,  11, '2025-08-20 11:30:00'),
(7,  13, '2025-08-22 12:30:00'),
(7,  15, '2025-08-24 13:30:00'),
(10, 2,  '2025-08-13 08:00:00'),
(10, 5,  '2025-08-15 09:00:00'),
(10, 8,  '2025-08-17 10:00:00'),
(10, 16, '2025-08-25 11:00:00'),
(10, 21, '2025-09-01 12:00:00'),
(10, 25, '2025-09-05 13:00:00'),
(14, 3,  '2025-08-14 08:30:00'),
(14, 7,  '2025-08-16 09:30:00'),
(14, 12, '2025-08-21 10:30:00'),
(14, 19, '2025-08-28 11:30:00'),
(14, 23, '2025-09-13 12:30:00'),
(14, 26, '2025-09-17 13:30:00'),
(16, 5,  '2025-08-15 08:00:00'),
(16, 11, '2025-08-20 09:00:00'),
(16, 14, '2025-08-23 10:00:00'),
(16, 20, '2025-08-29 11:00:00'),
(16, 31, '2025-09-20 12:00:00'),
(18, 6,  '2025-08-16 08:30:00'),
(18, 9,  '2025-08-18 09:30:00'),
(18, 13, '2025-08-22 10:30:00'),
(18, 22, '2025-09-02 11:30:00'),
(18, 32, '2025-09-21 12:30:00'),
(20, 7,  '2025-08-16 08:00:00'),
(20, 11, '2025-08-20 09:00:00'),
(20, 16, '2025-08-25 10:00:00'),
(20, 23, '2025-09-13 11:00:00'),
(20, 29, '2025-09-18 12:00:00'),
(21, 8,  '2025-08-17 08:30:00'),
(21, 12, '2025-08-21 09:30:00'),
(21, 15, '2025-08-24 10:30:00'),
(21, 24, '2025-09-14 11:30:00'),
(21, 33, '2025-09-22 12:30:00'),
(23, 2,  '2025-08-12 08:00:00'),
(23, 10, '2025-08-19 09:00:00'),
(23, 17, '2025-08-26 10:00:00'),
(23, 25, '2025-09-05 11:00:00'),
(23, 35, '2025-09-24 12:00:00'),
(24, 3,  '2025-08-14 08:30:00'),
(24, 7,  '2025-08-16 09:30:00'),
(24, 13, '2025-08-22 10:30:00'),
(24, 21, '2025-09-01 11:30:00'),
(24, 36, '2025-09-25 12:30:00'),
(26, 1,  '2025-08-11 08:00:00'),
(26, 5,  '2025-08-15 09:00:00'),
(26, 9,  '2025-08-18 10:00:00'),
(26, 19, '2025-08-28 11:00:00'),
(26, 37, '2025-09-26 12:00:00'),
(28, 4,  '2025-08-14 08:30:00'),
(28, 8,  '2025-08-17 09:30:00'),
(28, 14, '2025-08-23 10:30:00'),
(28, 22, '2025-09-02 11:30:00'),
(28, 38, '2025-09-27 12:30:00'),
(30, 2,  '2025-08-12 08:00:00'),
(30, 6,  '2025-08-16 09:00:00'),
(30, 11, '2025-08-20 10:00:00'),
(30, 20, '2025-08-29 11:00:00'),
(30, 39, '2025-09-28 12:00:00'),
(31, 3,  '2025-08-14 08:30:00'),
(31, 9,  '2025-08-18 09:30:00'),
(31, 15, '2025-08-24 10:30:00'),
(31, 25, '2025-09-05 11:30:00'),
(31, 40, '2025-09-29 12:30:00'),
(33, 1,  '2025-08-11 08:00:00'),
(33, 5,  '2025-08-15 09:00:00'),
(33, 11, '2025-08-20 10:00:00'),
(33, 17, '2025-08-26 11:00:00'),
(33, 27, '2025-09-16 12:00:00'),
(35, 2,  '2025-08-12 08:30:00'),
(35, 7,  '2025-08-16 09:30:00'),
(35, 13, '2025-08-22 10:30:00'),
(35, 19, '2025-08-28 11:30:00'),
(35, 28, '2025-09-17 12:30:00'),
(10, 32, '2025-09-22 09:00:00'),
(14, 37, '2025-09-26 10:00:00'),
(16, 41, '2025-09-30 11:00:00'),
(18, 45, '2025-10-04 12:00:00'),
(20, 50, '2025-10-08 13:00:00'),
(21, 55, '2025-10-12 09:00:00'),
(23, 60, '2025-10-16 10:00:00'),
(24, 65, '2025-10-20 11:00:00'),
(26, 70, '2025-10-24 12:00:00'),
(28, 75, '2025-10-28 13:00:00'),
(7,  41, '2025-10-01 09:00:00'),
(7,  47, '2025-10-07 10:00:00'),
(2,  52, '2025-10-13 11:00:00'),
(2,  58, '2025-10-19 12:00:00'),
(16, 62, '2025-10-25 09:00:00'),
(18, 67, '2025-10-31 10:00:00'),
(20, 72, '2025-11-06 11:00:00'),
(30, 43, '2025-10-03 12:00:00'),
(31, 49, '2025-10-09 13:00:00'),
(33, 54, '2025-10-15 09:00:00'),
(35, 59, '2025-10-21 10:00:00'),
(14, 63, '2025-10-27 11:00:00'),
(23, 69, '2025-11-02 12:00:00'),
(26, 74, '2025-11-08 13:00:00'),
(7,  76, '2025-11-10 09:00:00'),
(10, 77, '2025-11-11 10:00:00'),
(14, 78, '2025-11-12 11:00:00'),
(16, 79, '2025-11-13 12:00:00'),
(18, 80, '2025-11-14 09:00:00'),
(20, 42, '2025-10-02 10:00:00'),
(21, 46, '2025-10-06 11:00:00'),
(23, 48, '2025-10-08 12:00:00'),
(24, 56, '2025-10-16 13:00:00'),
(26, 61, '2025-10-21 09:00:00'),
(28, 66, '2025-10-26 10:00:00'),
(30, 71, '2025-10-31 11:00:00'),
(31, 73, '2025-11-05 12:00:00'),
(33, 45, '2025-10-05 13:00:00'),
(35, 53, '2025-10-13 09:00:00');

INSERT INTO FLAG (listing_id, reason, flag_status, flagged_at) VALUES
(1,  'Condition misrepresented – buyer says book has heavy highlighting.',  'Resolved', '2025-09-06 12:00:00'),
(6,  'Incorrect course association listed.',                                'Resolved', '2025-09-11 11:00:00'),
(8,  'Price significantly above market rate for condition.',                'Pending',  '2025-09-17 10:00:00'),
(11, 'Listing photos do not match item description.',                       'Pending',  '2025-09-20 09:00:00'),
(13, 'Duplicate listing detected for same ISBN and course.',                'Resolved', '2025-09-15 14:00:00'),
(15, 'Seller unresponsive for over two weeks.',                             'Pending',  '2025-09-25 10:00:00'),
(16, 'Suspicious price increase after initial listing.',                    'Pending',  '2025-09-26 11:00:00'),
(21, 'Item listed in wrong category – calculator filed as Textbook.',       'Resolved', '2025-10-01 09:00:00'),
(23, 'Seller profile shows multiple negative reviews.',                     'Escalated','2025-10-03 10:00:00'),
(26, 'Suspected counterfeit software license.',                             'Escalated','2025-10-06 11:00:00'),
(29, 'Listing removed but re-posted with slight price change.',             'Pending',  '2025-10-09 12:00:00'),
(31, 'Buyer reports item not received after payment.',                      'Escalated','2025-10-12 09:00:00'),
(32, 'Condition listed as Unused but has visible wear.',                    'Pending',  '2025-10-13 10:00:00'),
(35, 'Wrong edition listed – title says 8th, book is 7th ed.',             'Resolved', '2025-10-14 11:00:00'),
(36, 'Seller offering item not associated with any NU course.',             'Pending',  '2025-10-15 12:00:00'),
(37, 'Listing reposted within 24 hrs of being flagged.',                    'Escalated','2025-10-16 09:00:00'),
(41, 'Price fluctuated three times in one week.',                           'Pending',  '2025-10-21 10:00:00'),
(42, 'Seller removed photos after listing went live.',                      'Pending',  '2025-10-22 11:00:00'),
(45, 'Missing condition description – listed as "Other".',                  'Resolved', '2025-10-25 12:00:00'),
(46, 'Possible bundle split – seller listing same items separately.',       'Pending',  '2025-10-26 09:00:00'),
(47, 'Student reported seller asked to transact off-platform.',             'Escalated','2025-10-27 10:00:00'),
(50, 'Listing title contains misleading term "NEW" for used item.',         'Resolved', '2025-10-30 11:00:00'),
(52, 'Seller has multiple accounts suspected.',                             'Escalated','2025-11-01 12:00:00'),
(55, 'Item condition changed from Unused to Good after flag.',              'Pending',  '2025-11-03 09:00:00'),
(58, 'Course association updated without admin review.',                    'Pending',  '2025-11-05 10:00:00'),
(61, 'Buyer received wrong edition textbook.',                              'Resolved', '2025-11-07 11:00:00'),
(65, 'Seller account linked to previously deactivated user.',               'Escalated','2025-11-09 12:00:00'),
(70, 'Listing description copied verbatim from another seller.',            'Pending',  '2025-11-11 09:00:00'),
(75, 'Multiple wishlists from same IP for the same listing.',               'Pending',  '2025-11-12 10:00:00'),
(78, 'Item ISBN does not match listed title.',                              'Resolved', '2025-11-13 11:00:00');

INSERT INTO BUNDLE_LISTING (bundle_id, listing_id) VALUES
(1,  1),
(1,  2),
(1,  3),
(2,  6),
(2,  7),
(3,  11),
(3,  12),
(3,  13),
(4,  16),
(4,  17),
(4,  18),
(5,  21),
(5,  22),
(5,  23),
(5,  24),
(6,  26),
(6,  27),
(6,  28),
(7,  31),
(7,  32),
(7,  33),
(8,  36),
(8,  37),
(8,  38),
(9,  41),
(9,  42),
(10, 46),
(10, 47),
(10, 48),
(11, 51),
(11, 52),
(12, 56),
(12, 57),
(13, 61),
(13, 62),
(13, 63),
(14, 66),
(14, 67),
(15, 71),
(15, 72),
(16, 76),
(16, 77),
(17, 79),
(17, 80),
(20, 5);

INSERT INTO ADMIN_FLAG (admin_id, flag_id) VALUES
(1, 1),
(1, 2),
(1, 3),
(1, 4),
(1, 5),
(2, 6),
(2, 7),
(2, 8),
(2, 9),
(2, 10),
(3, 11),
(3, 12),
(3, 13),
(3, 14),
(3, 15),
(4, 16),
(4, 17),
(4, 18),
(4, 19),
(4, 20),
(5, 21),
(5, 22),
(5, 23),
(5, 24),
(5, 25),
(1, 26),
(1, 27),
(2, 28),
(2, 29),
(3, 30),
(4, 1),
(4, 5),
(5, 6),
(5, 9),
(1, 10),
(2, 11),
(3, 16),
(4, 22),
(5, 27),
(1, 30);

SET FOREIGN_KEY_CHECKS = 1;
